{"_timestamp": 1673865924.2531097, "loss": 1.6731889247894287, "_runtime": 81.61353516578674, "_step": 26, "lr": 5.2e-07}
